fetched_utc,naptan,station,data_available,pct_of_baseline,tfl_time_utc,error
2026-10-09T20:03:33+00:00,940GZZLUWLO,Waterloo,True,0.24597701,2026-10-09T19:56:00.000Z,
2026-10-09T20:03:33+00:00,940GZZLULVT,Liverpool Street,True,0.16693042,2026-10-09T19:56:00.000Z,
2026-10-09T20:03:33+00:00,940GZZLUBNK,Bank,True,0.07482752,2026-10-09T19:56:00.000Z,
2026-10-09T20:03:33+00:00,940GZZLUCYF,Canary Wharf,True,0.09342079,2026-10-09T19:51:00.000Z,
2026-10-09T20:03:33+00:00,940GZZLUKSX,King's Cross St Pancras,True,0.21529444,2026-10-09T19:56:00.000Z,
2026-10-09T20:03:33+00:00,940GZZLUVIC,Victoria,True,0.07531078,2026-10-09T19:56:00.000Z,
2026-10-09T20:03:33+00:00,940GZZLUOXC,Oxford Circus,True,0.19307336,2026-10-09T19:56:00.000Z,
2026-10-09T20:03:33+00:00,940GZZLULSQ,Leicester Square,True,0.29254603,2026-10-09T19:56:00.000Z,
2026-10-09T20:03:33+00:00,940GZZLUSTD,Stratford,True,0.19707114,2026-10-09T19:56:00.000Z,
2026-10-09T20:03:33+00:00,940GZZLUWSM,Westminster,True,0.122761115,2026-10-09T19:56:00.000Z,
2026-10-09T20:03:33+00:00,940GZZLUWYP,Wembley Park,True,0.14285715,2026-10-09T19:56:00.000Z,
2026-10-09T20:03:33+00:00,940GZZLUASL,Arsenal,False,0,,
2026-10-09T20:21:17+00:00,940GZZLUWLO,Waterloo,True,0.22736083,2026-10-09T20:16:00.000Z,
2026-10-09T20:21:17+00:00,940GZZLULVT,Liverpool Street,True,0.14518492,2026-10-09T20:16:00.000Z,
2026-10-09T20:21:17+00:00,940GZZLUBNK,Bank,True,0.06244472,2026-10-09T20:16:00.000Z,
2026-10-09T20:21:17+00:00,940GZZLUCYF,Canary Wharf,True,0.07910952,2026-10-09T20:16:00.000Z,
2026-10-09T20:21:17+00:00,940GZZLUKSX,King's Cross St Pancras,True,0.19436303,2026-10-09T20:16:00.000Z,
2026-10-09T20:21:17+00:00,940GZZLUVIC,Victoria,True,0.07278115,2026-10-09T20:16:00.000Z,
2026-10-09T20:21:17+00:00,940GZZLUOXC,Oxford Circus,True,0.17510438,2026-10-09T20:11:00.000Z,
2026-10-09T20:21:17+00:00,940GZZLULSQ,Leicester Square,True,0.305119,2026-10-09T20:11:00.000Z,
2026-10-09T20:21:17+00:00,940GZZLUSTD,Stratford,True,0.19912514,2026-10-09T20:16:00.000Z,
2026-10-09T20:21:17+00:00,940GZZLUWSM,Westminster,True,0.1155162,2026-10-09T20:11:00.000Z,
2026-10-09T20:21:17+00:00,940GZZLUWYP,Wembley Park,True,0.10714286,2026-10-09T20:11:00.000Z,
2026-10-09T20:21:17+00:00,940GZZLUFPK,Finsbury Park,True,0.20032196,2026-10-09T20:16:00.000Z,
2026-10-09T20:39:13+00:00,940GZZLUWLO,Waterloo,True,0.2294343,2026-10-09T20:31:00.000Z,
2026-10-09T20:39:13+00:00,940GZZLULVT,Liverpool Street,True,0.14823282,2026-10-09T20:31:00.000Z,
2026-10-09T20:39:13+00:00,940GZZLUBNK,Bank,True,0.06355033,2026-10-09T20:31:00.000Z,
2026-10-09T20:39:13+00:00,940GZZLUCYF,Canary Wharf,True,0.07387531,2026-10-09T20:31:00.000Z,
2026-10-09T20:39:13+00:00,940GZZLUKSX,King's Cross St Pancras,True,0.19083992,2026-10-09T20:31:00.000Z,
2026-10-09T20:39:13+00:00,940GZZLUVIC,Victoria,True,0.075021684,2026-10-09T20:31:00.000Z,
2026-10-09T20:39:13+00:00,940GZZLUOXC,Oxford Circus,True,0.16015509,2026-10-09T20:31:00.000Z,
2026-10-09T20:39:13+00:00,940GZZLULSQ,Leicester Square,True,0.28996408,2026-10-09T20:36:00.000Z,
2026-10-09T20:39:13+00:00,940GZZLUSTD,Stratford,True,0.18801826,2026-10-09T20:31:00.000Z,
2026-10-09T20:39:13+00:00,940GZZLUWSM,Westminster,True,0.11209499,2026-10-09T20:36:00.000Z,
2026-10-09T20:39:13+00:00,940GZZLUWYP,Wembley Park,True,0.14285715,2026-10-09T20:31:00.000Z,
2026-10-09T20:39:13+00:00,940GZZLUFPK,Finsbury Park,True,0.18995875,2026-10-09T20:31:00.000Z,
