fetched_utc,temp_c,precip_mm,weather_code
2026-10-09T23:01:28+00:00,13.3,0.0,1
2026-10-09T23:20:41+00:00,13.0,0.0,0
2026-10-09T23:36:26+00:00,12.9,0.0,0
2026-10-09T23:51:36+00:00,12.8,0.0,1
2026-10-10T00:03:43+00:00,12.6,0.0,1
2026-10-10T00:34:24+00:00,12.4,0.0,0
2026-10-10T01:21:46+00:00,12.0,0.0,0
2026-10-10T01:39:35+00:00,12.0,0.0,0
2026-10-10T02:00:44+00:00,11.8,0.0,0
2026-10-10T02:21:27+00:00,11.7,0.0,0
2026-10-10T02:39:16+00:00,11.5,0.0,0
2026-10-10T03:00:32+00:00,11.3,0.0,1
2026-10-10T03:21:40+00:00,11.3,0.0,1
2026-10-10T03:40:26+00:00,11.2,0.0,1
2026-10-10T04:00:41+00:00,11.1,0.0,0
2026-10-10T04:21:26+00:00,11.1,0.0,0
2026-10-10T04:41:23+00:00,11.0,0.0,1
2026-10-10T05:00:21+00:00,11.0,0.0,0
2026-10-10T05:20:47+00:00,11.0,0.0,0
2026-10-10T05:37:23+00:00,10.6,0.0,1
2026-10-10T05:59:43+00:00,10.6,0.0,1
2026-10-10T06:26:10+00:00,10.3,0.0,1
2026-10-10T06:54:29+00:00,10.3,0.0,1
2026-10-10T07:21:15+00:00,10.5,0.0,1
2026-10-10T07:38:07+00:00,10.7,0.0,1
